{
    "AA": 1,
    "AC": 1.1309882976023E-05,
    "AG": 3.79592984444666E-05,
    "AT": 2.17601073885478E-05,
    "CA": 4.82364467163978E-05,
    "CC": 1,
    "CG": 1.43123713007997E-05,
    "CT": 0.000615014695634072,
    "GA": 0.000111490944193118,
    "GC": 7.0550851521742E-05,
    "GG": 1,
    "GT": 0.000311342109361459,
    "TA": 7.57183086181891E-06,
    "TC": 5.12463411619656E-05,
    "TG": 6.88348260165355E-06,
    "TT": 1
}