,pos,wt,mut,prob,change,is_viable,is_escape,codon,codon_prob,grammar_rank,semantic_rank,codon_mut_rank,rank_sum,total_rank
4933,416,K,E,3.9009006e-05,2840.0,True,True,AAG,3.7963530562491086e-05,3648.0,15610.0,3573.0,22831.0,3420.0
5227,444,V,A,0.00017729943,4532.0,True,True,GTT,5.1249708131373435e-05,1580.0,4904.0,2618.0,9102.0,205.0
5298,449,N,D,2.670284e-05,2972.0,True,True,AAT,3.796124371962496e-05,4319.0,14521.0,3923.0,22763.0,3381.0
5347,452,Y,F,0.0006729436,2522.0,True,True,TAT,2.1761222514434755e-05,573.0,18083.0,4767.0,23423.0,3711.0
5386,454,L,F,0.00011258034,6060.0,True,True,TTG,0.000381892960883201,2068.0,2187.0,499.0,4754.0,20.0
5712,484,G,D,0.00031847856,3930.0,True,True,GGT,0.00011149665769608058,1048.0,7666.0,1386.0,10100.0,287.0
5798,492,Q,K,5.8277175e-07,4016.0,True,True,CAA,4.8238277738074606e-05,12946.0,7196.0,3163.0,23305.0,3655.0
8027,681,R,Q,8.752233e-05,4068.0,True,True,CGG,0.00011150337442375507,2363.0,6947.0,1240.0,10550.0,332.0
8083,686,V,G,5.8500774e-07,4830.0,True,True,GTA,6.883971530527274e-06,12937.0,3996.0,7083.0,24016.0,4013.0
9075,768,G,E,0.0003711472,4610.0,True,True,GGA,0.00011149517631114247,937.0,4648.0,1530.0,7115.0,103.0
9178,778,Q,K,1.0101562e-05,3468.0,True,True,CAA,4.8238277738074606e-05,6342.0,10618.0,3163.0,20123.0,2363.0
12902,1127,V,A,9.318796e-06,4336.0,True,True,GTT,5.1249708131373435e-05,6515.0,5672.0,2618.0,14805.0,933.0
22172,684,R,S,4.0686977e-05,3194.0,True,True,CGT,4.828231131906038e-05,3567.0,12711.0,2824.0,19102.0,2032.0
22562,654,H,Y,0.00019291678,2532.0,True,True,CAT,0.0006150462128869841,1484.0,18013.0,307.0,19804.0,2251.0
24560,489,F,L,1.4881706e-05,5530.0,True,True,TTT,6.57050215948459e-05,5498.0,2729.0,2152.0,10379.0,315.0
24566,489,F,S,4.9074656e-06,4384.0,True,True,TTT,5.124976025461042e-05,7990.0,5476.0,2559.0,16025.0,1176.0
24622,485,F,V,4.6320933e-05,3492.0,True,True,TTT,6.8839348578500645e-06,3347.0,10450.0,7188.0,20985.0,2662.0
24650,483,E,K,5.8618953e-06,3630.0,True,True,GAA,0.00011149517631114247,7563.0,9505.0,1530.0,18598.0,1878.0
25127,443,K,Q,3.6443867e-06,4252.0,True,True,AAG,1.131114392555471e-05,8721.0,6020.0,5754.0,20495.0,2496.0
