{
    "AA": 1,
    "AC": 0.000011309882976023,
    "AG": 0.0000379592984444666,
    "AT": 0.0000217601073885478,
    "CA": 0.0000482364467163978,
    "CC": 1,
    "CG": 0.0000143123713007997,
    "CT": 0.000615014695634072,
    "GA": 0.000111490944193118,
    "GC": 0.000070550851521742,
    "GG": 1,
    "GT": 0.000311342109361459,
    "TA": 0.00000757183086181891,
    "TC": 0.0000512463411619656,
    "TG": 0.00000688348260165355,
    "TT": 1
}