{
    "AA": 1,
    "AC": 0.12015655577299413,
    "AG": 0.7339153996688244,
    "AT": 0.14592804455818154,
    "CA": 0.04424655424090606,
    "CG": 0.008032157973108776,
    "CC": 1,
    "CT": 0.9477212877859852,
    "GA": 0.2728417218010875,
    "GG": 1,
    "GC": 0.05053170117590336,
    "GT": 0.6766265770230091,
    "TA": 0.1103765965720439,
    "TC": 0.7816697077562741,
    "TG": 0.10795369567168198,
    "TT": 1
}